weekday,prc
1,8052.32131147541
2,8013.202898550725
3,7833.057553956834
4,7461.6064
5,7222.297012302285
6,8237.661119515886
7,8216.301075268817
