weekday,prc
1,9360.11038961039
2,9112.56050955414
3,8959.43918918919
4,9190.566433566433
5,8663.64606741573
6,8897.940540540541
7,8764.682926829268
