weekday,prc
1,9078.4
2,9847.5
3,6883.111111111111
4,6116.024390243902
5,8742.59375
6,7492.64
7,8747.076923076924
