weekday,prc
1,8979.41037735849
2,9419.139303482587
3,8724.799019607843
4,8532.246153846154
5,7345.813953488372
6,9531.906403940886
7,8736.042780748663
