weekday,prc
1,9280.390728476821
2,8388.77186311787
3,8338.587837837838
4,10028.792857142857
5,8915.449814126394
6,10361.282137698603
7,9530.071618037135
