weekday,prc
1,5597.361111111111
2,7671.136363636364
3,5156.115384615385
4,5052.1875
5,4680.114285714286
6,6211.714285714285
7,6801.735294117647
