weekday,prc
1,7381.6545265348595
2,7412.648648648648
3,7181.035040431267
4,6612.829357798165
5,6679.960800667222
6,7426.2246256239605
7,7703.841966637401
