weekday,prc
1,8952.317073170732
2,8405.0
3,7901.5
4,6060.4
5,8082.878787878788
6,7303.213114754099
7,6335.363636363636
