weekday,prc
1,8774.758771929824
2,10033.135135135135
3,8483.98275862069
4,8469.101754385965
5,8531.970085470086
6,8990.5
7,9379.647840531561
